epoch,time,train/box_loss,train/cls_loss,train/dfl_loss,metrics/precision(B),metrics/recall(B),metrics/mAP50(B),metrics/mAP50-95(B),val/box_loss,val/cls_loss,val/dfl_loss,lr/pg0,lr/pg1,lr/pg2
1,169.49,0.92413,1.8551,1.52323,1,0.59718,0.91371,0.54782,1.07021,2.92693,2.12987,0.000650794,0.000650794,0.000650794
2,341.323,0.94113,1.17695,1.49432,0.73602,0.86364,0.82796,0.43562,1.15685,2.64037,2.31659,0.00130442,0.00130442,0.00130442
3,512.853,0.97988,1.05638,1.51429,0.15694,0.15152,0.08418,0.01736,2.76295,3.6241,3.59253,0.00194484,0.00194484,0.00194484
